{"cameraMode":{"drawMode":0,"name":"Shaded","section":"Shading Mode"},"sceneLighting":false,"audioPlay":false,"sceneViewState":{"showFog":true,"showMaterialUpdate":false,"showSkybox":false,"showFlares":true,"showImageEffects":true,"showParticleSystems":true},"in2DMode":false,"pivot":{"x":2.950000047683716,"y":5.880000114440918,"z":0.1150020956993103},"rotation":{"x":0.4754709005355835,"y":0.45116129517555239,"z":-0.3118469715118408,"w":0.6878678798675537},"size":6.674033164978027,"orthographic":false}