{"cameraMode":{"drawMode":0,"name":"Shaded","section":"Shading Mode"},"sceneLighting":true,"audioPlay":false,"sceneViewState":{"showFog":false,"showMaterialUpdate":false,"showSkybox":false,"showFlares":false,"showImageEffects":false,"showParticleSystems":false},"in2DMode":false,"pivot":{"x":-37.197811126708987,"y":9.149999618530274,"z":36.37189865112305},"rotation":{"x":0.00021795064094476402,"y":-0.9993072152137756,"z":-0.004180548712611198,"w":-0.03698233142495155},"size":22.0,"orthographic":false}