{"cameraMode":{"drawMode":0,"name":"Shaded","section":"Shading Mode"},"sceneLighting":true,"audioPlay":false,"sceneViewState":{"showFog":false,"showMaterialUpdate":false,"showSkybox":false,"showFlares":false,"showImageEffects":false,"showParticleSystems":false},"in2DMode":false,"pivot":{"x":-20.973873138427736,"y":3.2782554626464846e-7,"z":15.915555953979493},"rotation":{"x":0.2517678737640381,"y":-0.5355809926986694,"z":0.1711028516292572,"w":0.7877117395401001},"size":22.0,"orthographic":false}