{"cameraMode":{"drawMode":0,"name":"Shaded","section":"Shading Mode"},"sceneLighting":true,"audioPlay":false,"sceneViewState":{"showFog":false,"showMaterialUpdate":false,"showSkybox":false,"showFlares":false,"showImageEffects":false,"showParticleSystems":false},"in2DMode":false,"pivot":{"x":-36.852413177490237,"y":0.24999994039535523,"z":-6.962921142578125},"rotation":{"x":0.1110493391752243,"y":0.8875905871391296,"z":-0.34052854776382449,"w":0.2896398901939392},"size":73.96868896484375,"orthographic":false}