{"cameraMode":{"drawMode":0,"name":"Shaded","section":"Shading Mode"},"sceneLighting":true,"audioPlay":false,"sceneViewState":{"showFog":false,"showMaterialUpdate":false,"showSkybox":false,"showFlares":false,"showImageEffects":false,"showParticleSystems":false},"in2DMode":false,"pivot":{"x":-20.179424285888673,"y":-4.843774795532227,"z":2.478271245956421},"rotation":{"x":-0.028102494776248933,"y":-0.9718119502067566,"z":0.16214515268802644,"w":-0.16882170736789704},"size":29.853919982910158,"orthographic":false}