{"cameraMode":{"drawMode":0,"name":"Shaded","section":"Shading Mode"},"sceneLighting":false,"audioPlay":false,"sceneViewState":{"showFog":false,"showMaterialUpdate":false,"showSkybox":false,"showFlares":false,"showImageEffects":false,"showParticleSystems":false},"in2DMode":false,"pivot":{"x":13.57955265045166,"y":7.797107696533203,"z":-13.46766185760498},"rotation":{"x":-0.03614155948162079,"y":-0.9634493589401245,"z":0.17415572702884675,"w":-0.20032186806201936},"size":34.113861083984378,"orthographic":false}