{"cameraMode":{"drawMode":0,"name":"Shaded","section":"Shading Mode"},"sceneLighting":false,"audioPlay":false,"sceneViewState":{"showFog":false,"showMaterialUpdate":false,"showSkybox":false,"showFlares":false,"showImageEffects":false,"showParticleSystems":false},"in2DMode":false,"pivot":{"x":57.9553337097168,"y":2.786428689956665,"z":-12.675297737121582},"rotation":{"x":-0.019326794892549516,"y":-0.8832980990409851,"z":0.46697336435317995,"w":-0.03669988736510277},"size":62.763885498046878,"orthographic":false}