{"cameraMode":{"drawMode":0,"name":"Shaded","section":"Shading Mode"},"sceneLighting":true,"audioPlay":false,"sceneViewState":{"showFog":false,"showMaterialUpdate":false,"showSkybox":false,"showFlares":false,"showImageEffects":false,"showParticleSystems":false},"in2DMode":false,"pivot":{"x":-31.637351989746095,"y":0.8067221641540527,"z":19.87120819091797},"rotation":{"x":0.017771191895008088,"y":0.9576443433761597,"z":-0.2808971107006073,"w":0.06081303209066391},"size":35.822715759277347,"orthographic":false}