{"cameraMode":{"drawMode":0,"name":"Shaded","section":"Shading Mode"},"sceneLighting":false,"audioPlay":false,"sceneViewState":{"showFog":false,"showMaterialUpdate":false,"showSkybox":false,"showFlares":false,"showImageEffects":false,"showParticleSystems":false},"in2DMode":false,"pivot":{"x":1.8085079193115235,"y":0.5,"z":-10.374337196350098},"rotation":{"x":0.022083895280957223,"y":-0.3614233434200287,"z":-0.008568232879042626,"w":-0.9321009516716003},"size":6.702332019805908,"orthographic":false}