{"cameraMode":{"drawMode":0,"name":"Shaded","section":"Shading Mode"},"sceneLighting":true,"audioPlay":false,"sceneViewState":{"showFog":false,"showMaterialUpdate":false,"showSkybox":false,"showFlares":false,"showImageEffects":false,"showParticleSystems":false},"in2DMode":false,"pivot":{"x":-35.59904479980469,"y":-0.8287407159805298,"z":-2.6602699756622316},"rotation":{"x":0.0619598925113678,"y":0.9359158873558044,"z":-0.27602824568748476,"w":0.20983560383319856},"size":54.08860778808594,"orthographic":false}