{"cameraMode":{"drawMode":0,"name":"Shaded","section":"Shading Mode"},"sceneLighting":true,"audioPlay":false,"sceneViewState":{"showFog":false,"showMaterialUpdate":false,"showSkybox":false,"showFlares":false,"showImageEffects":false,"showParticleSystems":false},"in2DMode":false,"pivot":{"x":387.5189514160156,"y":219.5020751953125,"z":-57.528900146484378},"rotation":{"x":-0.028808681294322015,"y":0.01419166848063469,"z":-0.00034283276181668043,"w":-0.9994841814041138},"size":698.3824462890625,"orthographic":false}