{"cameraMode":{"drawMode":0,"name":"Shaded","section":"Shading Mode"},"sceneLighting":false,"audioPlay":false,"sceneViewState":{"showFog":false,"showMaterialUpdate":false,"showSkybox":false,"showFlares":false,"showImageEffects":false,"showParticleSystems":false},"in2DMode":false,"pivot":{"x":-27.023590087890626,"y":0.5,"z":8.750069618225098},"rotation":{"x":0.042832210659980777,"y":0.9538546800613403,"z":-0.16500616073608399,"w":0.24718359112739564},"size":3.2289416790008547,"orthographic":false}