{"cameraMode":{"drawMode":0,"name":"Shaded","section":"Shading Mode"},"sceneLighting":true,"audioPlay":false,"sceneViewState":{"showFog":false,"showMaterialUpdate":false,"showSkybox":false,"showFlares":false,"showImageEffects":false,"showParticleSystems":false},"in2DMode":false,"pivot":{"x":520.1971435546875,"y":267.9652404785156,"z":0.0},"rotation":{"x":-0.02129853330552578,"y":-0.03378833085298538,"z":0.0007835247088223696,"w":-0.9992017149925232},"size":792.4451293945313,"orthographic":true}