{"cameraMode":{"drawMode":0,"name":"Shaded","section":"Shading Mode"},"sceneLighting":true,"audioPlay":false,"sceneViewState":{"showFog":false,"showMaterialUpdate":false,"showSkybox":false,"showFlares":false,"showImageEffects":false,"showParticleSystems":false},"in2DMode":false,"pivot":{"x":-0.4567917287349701,"y":1.5433951616287232,"z":22.351675033569337},"rotation":{"x":-0.007592400535941124,"y":0.9874805212020874,"z":-0.05072275176644325,"w":-0.14917048811912538},"size":10.561789512634278,"orthographic":false}