{"cameraMode":{"drawMode":0,"name":"Shaded","section":"Shading Mode"},"sceneLighting":true,"audioPlay":false,"sceneViewState":{"showFog":false,"showMaterialUpdate":false,"showSkybox":false,"showFlares":false,"showImageEffects":false,"showParticleSystems":false},"in2DMode":false,"pivot":{"x":-35.95153045654297,"y":2.046928882598877,"z":34.92509841918945},"rotation":{"x":-0.007478445302695036,"y":0.9881892204284668,"z":-0.05074379965662956,"w":-0.14439968764781953},"size":1.1988730430603028,"orthographic":false}