{"cameraMode":{"drawMode":0,"name":"Shaded","section":"Shading Mode"},"sceneLighting":true,"audioPlay":false,"sceneViewState":{"showFog":false,"showMaterialUpdate":false,"showSkybox":false,"showFlares":false,"showImageEffects":false,"showParticleSystems":false},"in2DMode":false,"pivot":{"x":306.00048828125,"y":244.99871826171876,"z":0.0},"rotation":{"x":0.1200154721736908,"y":0.011804603040218354,"z":-0.0014888187870383263,"w":0.9927007555961609},"size":992.8743896484375,"orthographic":false}