{"cameraMode":{"drawMode":0,"name":"Shaded","section":"Shading Mode"},"sceneLighting":false,"audioPlay":false,"sceneViewState":{"showFog":false,"showMaterialUpdate":false,"showSkybox":false,"showFlares":false,"showImageEffects":false,"showParticleSystems":false},"in2DMode":false,"pivot":{"x":39.900001525878909,"y":-0.5099999904632568,"z":-34.900001525878909},"rotation":{"x":0.2534969747066498,"y":-0.06125754863023758,"z":0.016043484210968019,"w":0.9652613401412964},"size":66.6865234375,"orthographic":false}