{"cameraMode":{"drawMode":0,"name":"Shaded","section":"Shading Mode"},"sceneLighting":true,"audioPlay":false,"sceneViewState":{"showFog":false,"showMaterialUpdate":false,"showSkybox":false,"showFlares":false,"showImageEffects":false,"showParticleSystems":false},"in2DMode":false,"pivot":{"x":-2.9099998474121095,"y":-0.44999998807907107,"z":-0.07700014114379883},"rotation":{"x":0.1554853469133377,"y":-0.5709556341171265,"z":0.11115255206823349,"w":0.7984229326248169},"size":35.33046340942383,"orthographic":false}