{"cameraMode":{"drawMode":0,"name":"Shaded","section":"Shading Mode"},"sceneLighting":false,"audioPlay":false,"sceneViewState":{"showFog":false,"showMaterialUpdate":false,"showSkybox":false,"showFlares":false,"showImageEffects":false,"showParticleSystems":false},"in2DMode":false,"pivot":{"x":520.1971435546875,"y":267.9652404785156,"z":0.0},"rotation":{"x":0.04378416761755943,"y":0.025696340948343278,"z":-0.0010571569437161089,"w":0.9987099170684815},"size":792.4451293945313,"orthographic":false}