{"cameraMode":{"drawMode":0,"name":"Shaded","section":"Shading Mode"},"sceneLighting":true,"audioPlay":false,"sceneViewState":{"showFog":false,"showMaterialUpdate":false,"showSkybox":false,"showFlares":false,"showImageEffects":false,"showParticleSystems":false},"in2DMode":false,"pivot":{"x":-44.68000030517578,"y":0.25,"z":31.871898651123048},"rotation":{"x":0.09076566994190216,"y":-0.9026573300361633,"z":0.3493788242340088,"w":0.23432007431983949},"size":12.102224349975586,"orthographic":false}