{"cameraMode":{"drawMode":0,"name":"Shaded","section":"Shading Mode"},"sceneLighting":true,"audioPlay":false,"sceneViewState":{"showFog":false,"showMaterialUpdate":false,"showSkybox":false,"showFlares":false,"showImageEffects":false,"showParticleSystems":false},"in2DMode":false,"pivot":{"x":21.044340133666993,"y":9.627889633178711,"z":-31.788284301757814},"rotation":{"x":0.042611703276634219,"y":0.9308413863182068,"z":-0.11538698524236679,"w":0.34409958124160769},"size":7.624988079071045,"orthographic":false}