{"cameraMode":{"drawMode":0,"name":"Shaded","section":"Shading Mode"},"sceneLighting":true,"audioPlay":false,"sceneViewState":{"showFog":false,"showMaterialUpdate":false,"showSkybox":false,"showFlares":false,"showImageEffects":false,"showParticleSystems":false},"in2DMode":false,"pivot":{"x":-19.54203224182129,"y":-0.4016112983226776,"z":1.4730556011199952},"rotation":{"x":-0.1524210423231125,"y":0.8163966536521912,"z":-0.2501746118068695,"w":-0.4976716935634613},"size":10.528762817382813,"orthographic":false}