{"cameraMode":{"drawMode":0,"name":"Shaded","section":"Shading Mode"},"sceneLighting":true,"audioPlay":false,"sceneViewState":{"showFog":false,"showMaterialUpdate":false,"showSkybox":false,"showFlares":false,"showImageEffects":false,"showParticleSystems":false},"in2DMode":false,"pivot":{"x":-37.1121940612793,"y":0.2190670669078827,"z":20.941295623779298},"rotation":{"x":-0.005651999730616808,"y":-0.9654288291931152,"z":0.25973784923553469,"w":-0.02125084586441517},"size":12.926774024963379,"orthographic":false}