{"cameraMode":{"drawMode":0,"name":"Shaded","section":"Shading Mode"},"sceneLighting":true,"audioPlay":false,"sceneViewState":{"showFog":false,"showMaterialUpdate":false,"showSkybox":false,"showFlares":false,"showImageEffects":false,"showParticleSystems":false},"in2DMode":false,"pivot":{"x":19.415164947509767,"y":7.073302268981934,"z":-17.69594955444336},"rotation":{"x":0.03274127095937729,"y":0.7682675719261169,"z":-0.039484575390815738,"w":0.6380705237388611},"size":48.20893096923828,"orthographic":false}