{"cameraMode":{"drawMode":0,"name":"Shaded","section":"Shading Mode"},"sceneLighting":true,"audioPlay":false,"sceneViewState":{"showFog":false,"showMaterialUpdate":false,"showSkybox":false,"showFlares":false,"showImageEffects":false,"showParticleSystems":false},"in2DMode":false,"pivot":{"x":5.960464477539063e-8,"y":0.009999999776482582,"z":-1.1920928955078126e-7},"rotation":{"x":-0.11238090693950653,"y":-0.0574905090034008,"z":0.006553271785378456,"w":-0.9919790625572205},"size":5.573469638824463,"orthographic":false}