{"cameraMode":{"drawMode":0,"name":"Shaded","section":"Shading Mode"},"sceneLighting":true,"audioPlay":false,"sceneViewState":{"showFog":false,"showMaterialUpdate":false,"showSkybox":false,"showFlares":false,"showImageEffects":false,"showParticleSystems":false},"in2DMode":false,"pivot":{"x":1.2422189712524415,"y":-0.9866183996200562,"z":-1.6394087076187134},"rotation":{"x":0.19076265394687653,"y":0.29398107528686526,"z":-0.05992681905627251,"w":0.9346622824668884},"size":72.63081359863281,"orthographic":false}