{"cameraMode":{"drawMode":0,"name":"Shaded","section":"Shading Mode"},"sceneLighting":true,"audioPlay":false,"sceneViewState":{"showFog":false,"showMaterialUpdate":false,"showSkybox":false,"showFlares":false,"showImageEffects":false,"showParticleSystems":false},"in2DMode":false,"pivot":{"x":-0.12403440475463867,"y":1.042012095451355,"z":0.4726700186729431},"rotation":{"x":-0.08086755126714707,"y":0.8631637096405029,"z":-0.1467043161392212,"w":-0.47632622718811037},"size":53.268310546875,"orthographic":false}