{"cameraMode":{"drawMode":0,"name":"Shaded","section":"Shading Mode"},"sceneLighting":false,"audioPlay":false,"sceneViewState":{"showFog":false,"showMaterialUpdate":false,"showSkybox":false,"showFlares":false,"showImageEffects":false,"showParticleSystems":false},"in2DMode":false,"pivot":{"x":-37.09781265258789,"y":0.25,"z":31.871898651123048},"rotation":{"x":-0.15564830601215363,"y":0.019957752898335458,"z":-0.0030812472105026247,"w":-0.9876061081886292},"size":1.4289418458938599,"orthographic":true}