{"cameraMode":{"drawMode":0,"name":"Shaded","section":"Shading Mode"},"sceneLighting":true,"audioPlay":false,"sceneViewState":{"showFog":false,"showMaterialUpdate":false,"showSkybox":false,"showFlares":false,"showImageEffects":false,"showParticleSystems":false},"in2DMode":false,"pivot":{"x":60.09929275512695,"y":-5.963475704193115,"z":-50.6812744140625},"rotation":{"x":0.46492746472358706,"y":0.09018833190202713,"z":-0.047724317759275439,"w":0.879449188709259},"size":96.05375671386719,"orthographic":false}