{"cameraMode":{"drawMode":0,"name":"Shaded","section":"Shading Mode"},"sceneLighting":true,"audioPlay":false,"sceneViewState":{"showFog":false,"showMaterialUpdate":false,"showSkybox":false,"showFlares":false,"showImageEffects":false,"showParticleSystems":false},"in2DMode":false,"pivot":{"x":6.875702857971191,"y":0.6919109225273132,"z":6.873229503631592},"rotation":{"x":0.1678023338317871,"y":-0.8004958033561707,"z":0.2624848783016205,"w":0.5120063424110413},"size":47.42243194580078,"orthographic":false}