{"cameraMode":{"drawMode":0,"name":"Shaded","section":"Shading Mode"},"sceneLighting":false,"audioPlay":false,"sceneViewState":{"showFog":false,"showMaterialUpdate":false,"showSkybox":false,"showFlares":false,"showImageEffects":false,"showParticleSystems":false},"in2DMode":false,"pivot":{"x":0.0,"y":0.13850006461143495,"z":-2.9802322387695315e-8},"rotation":{"x":0.07572076469659805,"y":0.9222681522369385,"z":-0.23483380675315858,"w":0.29755836725234988},"size":1.3182823657989503,"orthographic":false}