{"cameraMode":{"drawMode":0,"name":"Shaded","section":"Shading Mode"},"sceneLighting":true,"audioPlay":false,"sceneViewState":{"showFog":false,"showMaterialUpdate":false,"showSkybox":false,"showFlares":false,"showImageEffects":false,"showParticleSystems":false},"in2DMode":false,"pivot":{"x":-23.50262451171875,"y":1.2487432956695557,"z":-27.901973724365236},"rotation":{"x":0.26926034688949587,"y":0.6101663112640381,"z":-0.2319229394197464,"w":0.7081014513969421},"size":49.92359924316406,"orthographic":false}