{"cameraMode":{"drawMode":0,"name":"Shaded","section":"Shading Mode"},"sceneLighting":true,"audioPlay":false,"sceneViewState":{"showFog":false,"showMaterialUpdate":false,"showSkybox":false,"showFlares":false,"showImageEffects":false,"showParticleSystems":false},"in2DMode":false,"pivot":{"x":-9.300941467285157,"y":-6.444753170013428,"z":14.317567825317383},"rotation":{"x":0.21499009430408479,"y":-0.7232780456542969,"z":0.25777769088745119,"w":0.6034889221191406},"size":33.33804702758789,"orthographic":false}