{"cameraMode":{"drawMode":0,"name":"Shaded","section":"Shading Mode"},"sceneLighting":false,"audioPlay":false,"sceneViewState":{"showFog":false,"showMaterialUpdate":false,"showSkybox":false,"showFlares":false,"showImageEffects":false,"showParticleSystems":false},"in2DMode":false,"pivot":{"x":0.4253194034099579,"y":0.35702627897262576,"z":-1.2908165454864503},"rotation":{"x":-0.06726501882076264,"y":0.8645550012588501,"z":-0.12034691870212555,"w":-0.48325636982917788},"size":7.964914321899414,"orthographic":false}