{"cameraMode":{"drawMode":0,"name":"Shaded","section":"Shading Mode"},"sceneLighting":true,"audioPlay":false,"sceneViewState":{"showFog":false,"showMaterialUpdate":false,"showSkybox":false,"showFlares":false,"showImageEffects":false,"showParticleSystems":false},"in2DMode":false,"pivot":{"x":-10.805665969848633,"y":-8.498800277709961,"z":10.783859252929688},"rotation":{"x":0.003626661142334342,"y":0.9707897901535034,"z":-0.23943720757961274,"w":0.014964508824050427},"size":39.72148895263672,"orthographic":false}