{"cameraMode":{"drawMode":0,"name":"Shaded","section":"Shading Mode"},"sceneLighting":true,"audioPlay":false,"sceneViewState":{"showFog":false,"showMaterialUpdate":false,"showSkybox":false,"showFlares":false,"showImageEffects":false,"showParticleSystems":false},"in2DMode":false,"pivot":{"x":32.78218460083008,"y":1.6077450513839722,"z":25.5718994140625},"rotation":{"x":0.03561216965317726,"y":-0.9152839183807373,"z":0.08286478370428086,"w":0.3925817906856537},"size":8.424333572387696,"orthographic":false}