{"cameraMode":{"drawMode":0,"name":"Shaded","section":"Shading Mode"},"sceneLighting":true,"audioPlay":false,"sceneViewState":{"showFog":false,"showMaterialUpdate":false,"showSkybox":false,"showFlares":false,"showImageEffects":false,"showParticleSystems":false},"in2DMode":false,"pivot":{"x":116.92216491699219,"y":50.50831604003906,"z":-16.280454635620118},"rotation":{"x":0.003626661142334342,"y":0.9707897901535034,"z":-0.23943720757961274,"w":0.014964508824050427},"size":161.1481475830078,"orthographic":false}