{"cameraMode":{"drawMode":0,"name":"Shaded","section":"Shading Mode"},"sceneLighting":true,"audioPlay":false,"sceneViewState":{"showFog":false,"showMaterialUpdate":false,"showSkybox":false,"showFlares":false,"showImageEffects":false,"showParticleSystems":false},"in2DMode":false,"pivot":{"x":-44.85696792602539,"y":0.13333676755428315,"z":31.882572174072267},"rotation":{"x":-0.10970363765954972,"y":-0.8650404214859009,"z":0.21612896025180818,"w":-0.43927061557769778},"size":7.915849685668945,"orthographic":false}