{"cameraMode":{"drawMode":0,"name":"Shaded","section":"Shading Mode"},"sceneLighting":false,"audioPlay":false,"sceneViewState":{"showFog":false,"showMaterialUpdate":false,"showSkybox":false,"showFlares":false,"showImageEffects":false,"showParticleSystems":false},"in2DMode":false,"pivot":{"x":55.99500274658203,"y":2.049999713897705,"z":-56.0},"rotation":{"x":0.006608035881072283,"y":-0.9875661134719849,"z":0.15109047293663026,"w":0.04290885478258133},"size":72.05899810791016,"orthographic":false}