{"cameraMode":{"drawMode":0,"name":"Shaded","section":"Shading Mode"},"sceneLighting":true,"audioPlay":false,"sceneViewState":{"showFog":false,"showMaterialUpdate":false,"showSkybox":false,"showFlares":false,"showImageEffects":false,"showParticleSystems":false},"in2DMode":false,"pivot":{"x":20.706010818481447,"y":-0.17205235362052918,"z":-35.051700592041019},"rotation":{"x":-0.17565394937992097,"y":-0.7951035499572754,"z":0.27265870571136477,"w":-0.5124580264091492},"size":60.81089782714844,"orthographic":false}