{"cameraMode":{"drawMode":0,"name":"Shaded","section":"Shading Mode"},"sceneLighting":true,"audioPlay":false,"sceneViewState":{"showFog":false,"showMaterialUpdate":false,"showSkybox":false,"showFlares":false,"showImageEffects":false,"showParticleSystems":false},"in2DMode":false,"pivot":{"x":-32.97442626953125,"y":14.395463943481446,"z":-7.816955089569092},"rotation":{"x":0.42066317796707156,"y":0.5402805209159851,"z":-0.35813018679618838,"w":0.6347300410270691},"size":76.56742095947266,"orthographic":false}