{"cameraMode":{"drawMode":0,"name":"Shaded","section":"Shading Mode"},"sceneLighting":false,"audioPlay":false,"sceneViewState":{"showFog":false,"showMaterialUpdate":false,"showSkybox":false,"showFlares":false,"showImageEffects":false,"showParticleSystems":false},"in2DMode":false,"pivot":{"x":-0.20278090238571168,"y":0.5462563037872315,"z":-0.3919644355773926},"rotation":{"x":0.22306975722312928,"y":-0.7011683583259583,"z":-0.2481326162815094,"w":-0.6301055550575256},"size":3.5073952674865724,"orthographic":false}