{"cameraMode":{"drawMode":0,"name":"Shaded","section":"Shading Mode"},"sceneLighting":true,"audioPlay":false,"sceneViewState":{"showFog":false,"showMaterialUpdate":false,"showSkybox":false,"showFlares":false,"showImageEffects":false,"showParticleSystems":false},"in2DMode":false,"pivot":{"x":244.36447143554688,"y":96.40774536132813,"z":-57.81361389160156},"rotation":{"x":-0.0077401334419846539,"y":0.9821069836616516,"z":-0.18360240757465363,"w":-0.041185569018125537},"size":909.96728515625,"orthographic":false}