{"cameraMode":{"drawMode":0,"name":"Shaded","section":"Shading Mode"},"sceneLighting":false,"audioPlay":false,"sceneViewState":{"showFog":false,"showMaterialUpdate":false,"showSkybox":false,"showFlares":false,"showImageEffects":false,"showParticleSystems":false},"in2DMode":false,"pivot":{"x":0.02500009536743164,"y":1.81855309009552,"z":0.0},"rotation":{"x":0.22782990336418153,"y":0.44645801186561587,"z":-0.11870647221803665,"w":0.8571333289146423},"size":47.297481536865237,"orthographic":false}