{"cameraMode":{"drawMode":0,"name":"Shaded","section":"Shading Mode"},"sceneLighting":false,"audioPlay":false,"sceneViewState":{"showFog":false,"showMaterialUpdate":false,"showSkybox":false,"showFlares":false,"showImageEffects":false,"showParticleSystems":false},"in2DMode":false,"pivot":{"x":6.565876007080078,"y":-13.59295654296875,"z":4.712581634521484},"rotation":{"x":0.1874704360961914,"y":0.81232750415802,"z":-0.398775577545166,"w":0.3820432424545288},"size":117.33749389648438,"orthographic":false}