{"cameraMode":{"drawMode":0,"name":"Shaded","section":"Shading Mode"},"sceneLighting":true,"audioPlay":false,"sceneViewState":{"showFog":false,"showMaterialUpdate":false,"showSkybox":false,"showFlares":false,"showImageEffects":false,"showParticleSystems":false},"in2DMode":false,"pivot":{"x":39.56061553955078,"y":0.5607543587684631,"z":-43.183692932128909},"rotation":{"x":-0.031602803617715839,"y":0.7288084030151367,"z":0.03365606069564819,"w":0.683159589767456},"size":2.9604101181030275,"orthographic":false}