{"cameraMode":{"drawMode":0,"name":"Shaded","section":"Shading Mode"},"sceneLighting":true,"audioPlay":false,"sceneViewState":{"showFog":false,"showMaterialUpdate":false,"showSkybox":false,"showFlares":false,"showImageEffects":false,"showParticleSystems":false},"in2DMode":false,"pivot":{"x":2.4576778411865236,"y":-3.3296613693237306,"z":7.194751739501953},"rotation":{"x":-0.3065323829650879,"y":-0.16954341530799867,"z":0.05562689155340195,"w":-0.934985876083374},"size":27.489734649658204,"orthographic":false}