{"cameraMode":{"drawMode":0,"name":"Shaded","section":"Shading Mode"},"sceneLighting":false,"audioPlay":false,"sceneViewState":{"showFog":false,"showMaterialUpdate":false,"showSkybox":false,"showFlares":false,"showImageEffects":false,"showParticleSystems":false},"in2DMode":false,"pivot":{"x":25.006818771362306,"y":-3.6112210750579836,"z":-24.791595458984376},"rotation":{"x":0.3078603148460388,"y":0.6592142581939697,"z":-0.3409820795059204,"w":0.5953065752983093},"size":101.12045288085938,"orthographic":false}