{"cameraMode":{"drawMode":0,"name":"Shaded","section":"Shading Mode"},"sceneLighting":false,"audioPlay":false,"sceneViewState":{"showFog":false,"showMaterialUpdate":false,"showSkybox":false,"showFlares":false,"showImageEffects":false,"showParticleSystems":false},"in2DMode":false,"pivot":{"x":1.4901161193847657e-8,"y":0.5,"z":-1.4901161193847657e-8},"rotation":{"x":-0.006184570956975222,"y":-0.991847813129425,"z":0.11539071053266525,"w":-0.05370892956852913},"size":8.035956382751465,"orthographic":false}