{"cameraMode":{"drawMode":0,"name":"Shaded","section":"Shading Mode"},"sceneLighting":true,"audioPlay":false,"sceneViewState":{"showFog":false,"showMaterialUpdate":false,"showSkybox":false,"showFlares":false,"showImageEffects":false,"showParticleSystems":false},"in2DMode":false,"pivot":{"x":15.461400985717774,"y":-19.205188751220704,"z":44.67075729370117},"rotation":{"x":0.0287944283336401,"y":0.9691721200942993,"z":-0.13878129422664643,"w":0.20153449475765229},"size":2.3289942741394045,"orthographic":false}