{"cameraMode":{"drawMode":0,"name":"Shaded","section":"Shading Mode"},"sceneLighting":true,"audioPlay":false,"sceneViewState":{"showFog":false,"showMaterialUpdate":false,"showSkybox":false,"showFlares":false,"showImageEffects":false,"showParticleSystems":false},"in2DMode":false,"pivot":{"x":1.8085079193115235,"y":2.260000228881836,"z":-18.63433837890625},"rotation":{"x":-0.2954278886318207,"y":-0.2615267038345337,"z":0.08443816751241684,"w":-0.914984405040741},"size":8.352324485778809,"orthographic":false}