{"cameraMode":{"drawMode":0,"name":"Shaded","section":"Shading Mode"},"sceneLighting":true,"audioPlay":false,"sceneViewState":{"showFog":false,"showMaterialUpdate":false,"showSkybox":false,"showFlares":false,"showImageEffects":false,"showParticleSystems":false},"in2DMode":false,"pivot":{"x":4.762948036193848,"y":-3.8755574226379396,"z":-3.5593016147613527},"rotation":{"x":-0.17348723113536836,"y":-0.6647388339042664,"z":0.16294167935848237,"w":-0.708148717880249},"size":56.22488021850586,"orthographic":false}