{"cameraMode":{"drawMode":0,"name":"Shaded","section":"Shading Mode"},"sceneLighting":true,"audioPlay":false,"sceneViewState":{"showFog":false,"showMaterialUpdate":false,"showSkybox":false,"showFlares":false,"showImageEffects":false,"showParticleSystems":false},"in2DMode":false,"pivot":{"x":14.569999694824219,"y":0.25,"z":-24.520000457763673},"rotation":{"x":0.044308073818683627,"y":0.9529353380203247,"z":-0.2456837296485901,"w":0.17201928794384004},"size":10.463678359985352,"orthographic":false}