{"cameraMode":{"drawMode":0,"name":"Shaded","section":"Shading Mode"},"sceneLighting":true,"audioPlay":false,"sceneViewState":{"showFog":false,"showMaterialUpdate":false,"showSkybox":false,"showFlares":false,"showImageEffects":false,"showParticleSystems":false},"in2DMode":false,"pivot":{"x":-23.470203399658204,"y":-2.4710683822631838,"z":-23.5358829498291},"rotation":{"x":0.2803072929382324,"y":0.29221591353416445,"z":-0.08994391560554505,"w":0.909916341304779},"size":20.94162368774414,"orthographic":false}