{"cameraMode":{"drawMode":0,"name":"Shaded","section":"Shading Mode"},"sceneLighting":true,"audioPlay":false,"sceneViewState":{"showFog":false,"showMaterialUpdate":false,"showSkybox":false,"showFlares":false,"showImageEffects":false,"showParticleSystems":false},"in2DMode":false,"pivot":{"x":306.00048828125,"y":244.99871826171876,"z":0.0},"rotation":{"x":0.0006609286647289991,"y":-0.9989466667175293,"z":0.04379579424858093,"w":0.013678228482604027},"size":992.8743896484375,"orthographic":false}