{"cameraMode":{"drawMode":0,"name":"Shaded","section":"Shading Mode"},"sceneLighting":true,"audioPlay":false,"sceneViewState":{"showFog":false,"showMaterialUpdate":false,"showSkybox":false,"showFlares":false,"showImageEffects":false,"showParticleSystems":false},"in2DMode":false,"pivot":{"x":0.0029999911785125734,"y":0.10000000149011612,"z":-0.0025292634963989259},"rotation":{"x":-0.18974871933460236,"y":0.11819620430469513,"z":-0.022948333993554117,"w":-0.9744221568107605},"size":0.5406490564346314,"orthographic":false}