{"cameraMode":{"drawMode":0,"name":"Shaded","section":"Shading Mode"},"sceneLighting":true,"audioPlay":false,"sceneViewState":{"showFog":false,"showMaterialUpdate":false,"showSkybox":false,"showFlares":false,"showImageEffects":false,"showParticleSystems":false},"in2DMode":false,"pivot":{"x":-23.659311294555665,"y":-0.2794969081878662,"z":-10.111865997314454},"rotation":{"x":-0.2265608161687851,"y":0.6991897225379944,"z":-0.2514859139919281,"w":-0.6297290921211243},"size":21.031103134155275,"orthographic":false}