{"cameraMode":{"drawMode":0,"name":"Shaded","section":"Shading Mode"},"sceneLighting":true,"audioPlay":false,"sceneViewState":{"showFog":false,"showMaterialUpdate":false,"showSkybox":false,"showFlares":false,"showImageEffects":false,"showParticleSystems":false},"in2DMode":false,"pivot":{"x":17.208858489990236,"y":-20.578857421875,"z":45.19218826293945},"rotation":{"x":-0.000700509175658226,"y":-0.9981867074966431,"z":0.058776214718818668,"w":-0.01297230739146471},"size":3.90720534324646,"orthographic":false}