{"cameraMode":{"drawMode":0,"name":"Shaded","section":"Shading Mode"},"sceneLighting":false,"audioPlay":false,"sceneViewState":{"showFog":false,"showMaterialUpdate":false,"showSkybox":false,"showFlares":false,"showImageEffects":false,"showParticleSystems":false},"in2DMode":false,"pivot":{"x":-27.023590087890626,"y":0.5,"z":8.750069618225098},"rotation":{"x":0.005298782140016556,"y":0.9501730799674988,"z":-0.015953877940773965,"w":0.31126946210861208},"size":0.8289420008659363,"orthographic":false}