{"cameraMode":{"drawMode":0,"name":"Shaded","section":"Shading Mode"},"sceneLighting":true,"audioPlay":false,"sceneViewState":{"showFog":false,"showMaterialUpdate":false,"showSkybox":false,"showFlares":false,"showImageEffects":false,"showParticleSystems":false},"in2DMode":false,"pivot":{"x":18.60735321044922,"y":6.0712127685546879,"z":-8.970056533813477},"rotation":{"x":-0.23147520422935487,"y":0.6863983273506165,"z":-0.24696871638298036,"w":-0.6436483263969421},"size":24.687625885009767,"orthographic":false}