{"cameraMode":{"drawMode":0,"name":"Shaded","section":"Shading Mode"},"sceneLighting":true,"audioPlay":false,"sceneViewState":{"showFog":false,"showMaterialUpdate":false,"showSkybox":false,"showFlares":false,"showImageEffects":false,"showParticleSystems":false},"in2DMode":false,"pivot":{"x":-44.68000030517578,"y":0.25,"z":31.871898651123048},"rotation":{"x":0.01494661532342434,"y":-0.9378136992454529,"z":-0.04050326719880104,"w":-0.34444376826286318},"size":1.4289419651031495,"orthographic":false}