{"cameraMode":{"drawMode":0,"name":"Shaded","section":"Shading Mode"},"sceneLighting":true,"audioPlay":false,"sceneViewState":{"showFog":false,"showMaterialUpdate":false,"showSkybox":false,"showFlares":false,"showImageEffects":false,"showParticleSystems":false},"in2DMode":false,"pivot":{"x":3.808405876159668,"y":0.06270171701908112,"z":-6.945693492889404},"rotation":{"x":-0.0077401334419846539,"y":0.9821069836616516,"z":-0.18360240757465363,"w":-0.041185569018125537},"size":10.440736770629883,"orthographic":false}