{"cameraMode":{"drawMode":0,"name":"Shaded","section":"Shading Mode"},"sceneLighting":true,"audioPlay":false,"sceneViewState":{"showFog":false,"showMaterialUpdate":false,"showSkybox":false,"showFlares":false,"showImageEffects":false,"showParticleSystems":false},"in2DMode":false,"pivot":{"x":-24.302827835083009,"y":2.598021984100342,"z":-14.355042457580567},"rotation":{"x":0.18970397114753724,"y":0.7932419776916504,"z":-0.49053046107292178,"w":0.3068540692329407},"size":37.36347961425781,"orthographic":false}