{"cameraMode":{"drawMode":0,"name":"Shaded","section":"Shading Mode"},"sceneLighting":false,"audioPlay":false,"sceneViewState":{"showFog":false,"showMaterialUpdate":false,"showSkybox":false,"showFlares":false,"showImageEffects":false,"showParticleSystems":false},"in2DMode":false,"pivot":{"x":53.03475570678711,"y":1.8940821886062623,"z":-54.80341339111328},"rotation":{"x":-0.17630931735038758,"y":-0.37881726026535036,"z":0.0738067552447319,"w":-0.9055193066596985},"size":32.46969985961914,"orthographic":false}