{"cameraMode":{"drawMode":0,"name":"Shaded","section":"Shading Mode"},"sceneLighting":true,"audioPlay":false,"sceneViewState":{"showFog":false,"showMaterialUpdate":false,"showSkybox":false,"showFlares":false,"showImageEffects":false,"showParticleSystems":false},"in2DMode":false,"pivot":{"x":7.366325855255127,"y":3.921863555908203,"z":0.009818846359848977},"rotation":{"x":0.16574247181415559,"y":-0.8179064393043518,"z":0.4691721200942993,"w":0.2888530194759369},"size":6.342050075531006,"orthographic":false}