{"cameraMode":{"drawMode":0,"name":"Shaded","section":"Shading Mode"},"sceneLighting":true,"audioPlay":false,"sceneViewState":{"showFog":false,"showMaterialUpdate":false,"showSkybox":false,"showFlares":false,"showImageEffects":false,"showParticleSystems":false},"in2DMode":false,"pivot":{"x":6.251372337341309,"y":-9.5878267288208,"z":-14.533937454223633},"rotation":{"x":0.22479166090488435,"y":0.45947280526161196,"z":-0.1213366687297821,"w":0.8506650328636169},"size":41.44658660888672,"orthographic":false}