{"cameraMode":{"drawMode":0,"name":"Shaded","section":"Shading Mode"},"sceneLighting":true,"audioPlay":false,"sceneViewState":{"showFog":false,"showMaterialUpdate":false,"showSkybox":false,"showFlares":false,"showImageEffects":false,"showParticleSystems":false},"in2DMode":false,"pivot":{"x":-20.78685188293457,"y":8.379494667053223,"z":6.123966693878174},"rotation":{"x":-0.0036881465930491688,"y":0.9945353865623474,"z":-0.09758900105953217,"w":-0.03690861538052559},"size":63.95345687866211,"orthographic":false}