{"cameraMode":{"drawMode":0,"name":"Shaded","section":"Shading Mode"},"sceneLighting":true,"audioPlay":false,"sceneViewState":{"showFog":false,"showMaterialUpdate":false,"showSkybox":false,"showFlares":false,"showImageEffects":false,"showParticleSystems":false},"in2DMode":false,"pivot":{"x":-37.30906677246094,"y":1.8417428731918336,"z":31.371898651123048},"rotation":{"x":-0.004023815505206585,"y":0.9954689741134644,"z":-0.048127368092536929,"w":-0.08190988749265671},"size":2.8367860317230226,"orthographic":false}