{"cameraMode":{"drawMode":0,"name":"Shaded","section":"Shading Mode"},"sceneLighting":false,"audioPlay":false,"sceneViewState":{"showFog":false,"showMaterialUpdate":false,"showSkybox":false,"showFlares":false,"showImageEffects":false,"showParticleSystems":false},"in2DMode":false,"pivot":{"x":8.422891616821289,"y":-6.308224678039551,"z":-15.290532112121582},"rotation":{"x":-0.1353377103805542,"y":-0.840303897857666,"z":0.24514484405517579,"w":-0.46419528126716616},"size":40.86529541015625,"orthographic":false}