{"cameraMode":{"drawMode":0,"name":"Shaded","section":"Shading Mode"},"sceneLighting":true,"audioPlay":false,"sceneViewState":{"showFog":false,"showMaterialUpdate":false,"showSkybox":false,"showFlares":false,"showImageEffects":false,"showParticleSystems":false},"in2DMode":false,"pivot":{"x":403.1351318359375,"y":229.17726135253907,"z":-63.340667724609378},"rotation":{"x":-0.23600566387176515,"y":0.0662245899438858,"z":-0.016055380925536157,"w":-0.9693595170974731},"size":415.5573425292969,"orthographic":false}