{"cameraMode":{"drawMode":0,"name":"Shaded","section":"Shading Mode"},"sceneLighting":true,"audioPlay":false,"sceneViewState":{"showFog":false,"showMaterialUpdate":false,"showSkybox":false,"showFlares":false,"showImageEffects":false,"showParticleSystems":false},"in2DMode":false,"pivot":{"x":-6.510000228881836,"y":0.559999942779541,"z":-18.756999969482423},"rotation":{"x":0.3082369267940521,"y":-0.05110931769013405,"z":0.0166594460606575,"w":0.9497896432876587},"size":2.02082896232605,"orthographic":false}