{"cameraMode":{"drawMode":0,"name":"Shaded","section":"Shading Mode"},"sceneLighting":true,"audioPlay":false,"sceneViewState":{"showFog":false,"showMaterialUpdate":false,"showSkybox":false,"showFlares":false,"showImageEffects":false,"showParticleSystems":false},"in2DMode":false,"pivot":{"x":61.12773132324219,"y":-1.2919981479644776,"z":-60.22896194458008},"rotation":{"x":0.1554853320121765,"y":-0.5709555745124817,"z":0.11115254461765289,"w":0.7984228730201721},"size":35.64864730834961,"orthographic":false}