{"cameraMode":{"drawMode":0,"name":"Shaded","section":"Shading Mode"},"sceneLighting":true,"audioPlay":false,"sceneViewState":{"showFog":false,"showMaterialUpdate":false,"showSkybox":false,"showFlares":false,"showImageEffects":false,"showParticleSystems":false},"in2DMode":false,"pivot":{"x":-25.2412109375,"y":-74.05721282958985,"z":186.1630859375},"rotation":{"x":-0.18974871933460236,"y":0.11819620430469513,"z":-0.022948333993554117,"w":-0.9744221568107605},"size":282.7442626953125,"orthographic":false}