{"cameraMode":{"drawMode":0,"name":"Shaded","section":"Shading Mode"},"sceneLighting":true,"audioPlay":false,"sceneViewState":{"showFog":false,"showMaterialUpdate":false,"showSkybox":false,"showFlares":false,"showImageEffects":false,"showParticleSystems":false},"in2DMode":false,"pivot":{"x":-27.79617691040039,"y":10.216043472290039,"z":-71.5843734741211},"rotation":{"x":0.010049620643258095,"y":-0.988778829574585,"z":0.07758627086877823,"w":0.12726329267024995},"size":227.4172821044922,"orthographic":false}