{"cameraMode":{"drawMode":0,"name":"Shaded","section":"Shading Mode"},"sceneLighting":false,"audioPlay":false,"sceneViewState":{"showFog":false,"showMaterialUpdate":false,"showSkybox":false,"showFlares":false,"showImageEffects":false,"showParticleSystems":false},"in2DMode":false,"pivot":{"x":-0.06849288940429688,"y":0.7512304782867432,"z":0.7620551586151123},"rotation":{"x":0.09140893816947937,"y":-0.5947253704071045,"z":0.06823308765888214,"w":0.7957955002784729},"size":9.907486915588379,"orthographic":false}