{"cameraMode":{"drawMode":0,"name":"Shaded","section":"Shading Mode"},"sceneLighting":false,"audioPlay":false,"sceneViewState":{"showFog":false,"showMaterialUpdate":false,"showSkybox":false,"showFlares":false,"showImageEffects":false,"showParticleSystems":false},"in2DMode":false,"pivot":{"x":1.5449999570846558,"y":1.4899983406066895,"z":0.23000037670135499},"rotation":{"x":0.32450783252716067,"y":0.4543263018131256,"z":-0.18215399980545045,"w":0.8093838691711426},"size":7.123786926269531,"orthographic":false}