{"cameraMode":{"drawMode":0,"name":"Shaded","section":"Shading Mode"},"sceneLighting":true,"audioPlay":false,"sceneViewState":{"showFog":false,"showMaterialUpdate":false,"showSkybox":false,"showFlares":false,"showImageEffects":false,"showParticleSystems":false},"in2DMode":false,"pivot":{"x":-22.993877410888673,"y":4.850707054138184,"z":-30.290897369384767},"rotation":{"x":0.18083493411540986,"y":0.2721107304096222,"z":-0.05207037180662155,"w":0.9436859488487244},"size":3.7247769832611086,"orthographic":false}