{"cameraMode":{"drawMode":0,"name":"Shaded","section":"Shading Mode"},"sceneLighting":true,"audioPlay":false,"sceneViewState":{"showFog":false,"showMaterialUpdate":false,"showSkybox":false,"showFlares":false,"showImageEffects":false,"showParticleSystems":false},"in2DMode":false,"pivot":{"x":-51.192901611328128,"y":1.0102660655975342,"z":-0.6745761036872864},"rotation":{"x":-0.008480597287416458,"y":0.9741864204406738,"z":-0.03684177249670029,"w":-0.22255662083625794},"size":39.444366455078128,"orthographic":false}