{"cameraMode":{"drawMode":0,"name":"Shaded","section":"Shading Mode"},"sceneLighting":true,"audioPlay":false,"sceneViewState":{"showFog":false,"showMaterialUpdate":false,"showSkybox":false,"showFlares":false,"showImageEffects":false,"showParticleSystems":false},"in2DMode":false,"pivot":{"x":15.479144096374512,"y":4.797239303588867,"z":-5.446416854858398},"rotation":{"x":-0.039749883115291598,"y":0.9080526232719421,"z":-0.4074821174144745,"w":-0.0884246751666069},"size":19.204002380371095,"orthographic":false}