{"cameraMode":{"drawMode":0,"name":"Shaded","section":"Shading Mode"},"sceneLighting":true,"audioPlay":false,"sceneViewState":{"showFog":false,"showMaterialUpdate":false,"showSkybox":false,"showFlares":false,"showImageEffects":false,"showParticleSystems":false},"in2DMode":false,"pivot":{"x":428.4309387207031,"y":281.0475158691406,"z":-33.70819091796875},"rotation":{"x":-0.12150149047374726,"y":0.014096444472670555,"z":-0.0016616941429674626,"w":-0.9924898147583008},"size":703.7889404296875,"orthographic":false}