{"cameraMode":{"drawMode":0,"name":"Shaded","section":"Shading Mode"},"sceneLighting":true,"audioPlay":false,"sceneViewState":{"showFog":false,"showMaterialUpdate":false,"showSkybox":false,"showFlares":false,"showImageEffects":false,"showParticleSystems":false},"in2DMode":false,"pivot":{"x":251.0680389404297,"y":277.2282409667969,"z":19.268278121948243},"rotation":{"x":-0.15564830601215363,"y":0.019957752898335458,"z":-0.0030812472105026247,"w":-0.9876061081886292},"size":279.5804748535156,"orthographic":true}