{"cameraMode":{"drawMode":0,"name":"Shaded","section":"Shading Mode"},"sceneLighting":true,"audioPlay":false,"sceneViewState":{"showFog":false,"showMaterialUpdate":false,"showSkybox":false,"showFlares":false,"showImageEffects":false,"showParticleSystems":false},"in2DMode":false,"pivot":{"x":0.2946438789367676,"y":12.343408584594727,"z":0.0022764205932617189},"rotation":{"x":0.10286957770586014,"y":0.8248677849769592,"z":-0.1593310683965683,"w":0.5325642228126526},"size":57.645263671875,"orthographic":false}