{"cameraMode":{"drawMode":0,"name":"Shaded","section":"Shading Mode"},"sceneLighting":true,"audioPlay":false,"sceneViewState":{"showFog":false,"showMaterialUpdate":false,"showSkybox":false,"showFlares":false,"showImageEffects":false,"showParticleSystems":false},"in2DMode":false,"pivot":{"x":-5.742012023925781,"y":-8.340825080871582,"z":22.439170837402345},"rotation":{"x":0.29638606309890749,"y":0.5986807346343994,"z":-0.25374722480773928,"w":0.6995349526405335},"size":134.25466918945313,"orthographic":false}