{"cameraMode":{"drawMode":0,"name":"Shaded","section":"Shading Mode"},"sceneLighting":true,"audioPlay":false,"sceneViewState":{"showFog":false,"showMaterialUpdate":false,"showSkybox":false,"showFlares":false,"showImageEffects":false,"showParticleSystems":false},"in2DMode":false,"pivot":{"x":-1.484432339668274,"y":2.734482765197754,"z":-0.2977520823478699},"rotation":{"x":-0.16666965186595918,"y":0.38127490878105166,"z":-0.07009706646203995,"w":-0.9066075086593628},"size":18.049381256103517,"orthographic":false}