{"cameraMode":{"drawMode":0,"name":"Shaded","section":"Shading Mode"},"sceneLighting":false,"audioPlay":false,"sceneViewState":{"showFog":false,"showMaterialUpdate":false,"showSkybox":false,"showFlares":false,"showImageEffects":false,"showParticleSystems":false},"in2DMode":false,"pivot":{"x":1.5449999570846558,"y":1.4899983406066895,"z":0.6200003623962402},"rotation":{"x":0.012262724339962006,"y":0.9590768814086914,"z":-0.042043451219797137,"w":0.27973830699920657},"size":7.372818946838379,"orthographic":false}