{"cameraMode":{"drawMode":0,"name":"Shaded","section":"Shading Mode"},"sceneLighting":false,"audioPlay":false,"sceneViewState":{"showFog":false,"showMaterialUpdate":false,"showSkybox":false,"showFlares":false,"showImageEffects":false,"showParticleSystems":false},"in2DMode":false,"pivot":{"x":0.02500009536743164,"y":2.3185529708862306,"z":0.0},"rotation":{"x":-0.35525935888290408,"y":0.08591365814208985,"z":-0.03281498700380325,"w":-0.9302327632904053},"size":16.337366104125978,"orthographic":false}