{"cameraMode":{"drawMode":0,"name":"Shaded","section":"Shading Mode"},"sceneLighting":true,"audioPlay":false,"sceneViewState":{"showFog":false,"showMaterialUpdate":false,"showSkybox":false,"showFlares":false,"showImageEffects":false,"showParticleSystems":false},"in2DMode":false,"pivot":{"x":-11.124183654785157,"y":-17.392478942871095,"z":-1.3520336151123047},"rotation":{"x":0.2589207589626312,"y":0.2723292112350464,"z":-0.07627231627702713,"w":0.923568844795227},"size":39.40016555786133,"orthographic":false}