{"cameraMode":{"drawMode":0,"name":"Shaded","section":"Shading Mode"},"sceneLighting":true,"audioPlay":false,"sceneViewState":{"showFog":false,"showMaterialUpdate":false,"showSkybox":false,"showFlares":false,"showImageEffects":false,"showParticleSystems":false},"in2DMode":false,"pivot":{"x":2.950000047683716,"y":7.369997978210449,"z":0.1150020956993103},"rotation":{"x":-0.1604023277759552,"y":-0.606839120388031,"z":0.12662824988365174,"w":-0.7681033611297607},"size":17.844552993774415,"orthographic":false}