{"cameraMode":{"drawMode":0,"name":"Shaded","section":"Shading Mode"},"sceneLighting":true,"audioPlay":false,"sceneViewState":{"showFog":false,"showMaterialUpdate":false,"showSkybox":false,"showFlares":false,"showImageEffects":false,"showParticleSystems":false},"in2DMode":false,"pivot":{"x":6.329892158508301,"y":0.2657088041305542,"z":1.2438441514968873},"rotation":{"x":-0.19018766283988954,"y":-0.3223893344402313,"z":0.06633399426937103,"w":-0.9249289631843567},"size":18.439584732055665,"orthographic":false}