{"cameraMode":{"drawMode":0,"name":"Shaded","section":"Shading Mode"},"sceneLighting":true,"audioPlay":false,"sceneViewState":{"showFog":false,"showMaterialUpdate":false,"showSkybox":false,"showFlares":false,"showImageEffects":false,"showParticleSystems":false},"in2DMode":false,"pivot":{"x":1.3176580667495728,"y":0.25,"z":-27.569305419921876},"rotation":{"x":-0.2943405508995056,"y":0.01610580086708069,"z":-0.005029114428907633,"w":-0.9555516839027405},"size":1.4289418458938599,"orthographic":false}