{"cameraMode":{"drawMode":0,"name":"Shaded","section":"Shading Mode"},"sceneLighting":false,"audioPlay":false,"sceneViewState":{"showFog":false,"showMaterialUpdate":false,"showSkybox":false,"showFlares":false,"showImageEffects":false,"showParticleSystems":false},"in2DMode":false,"pivot":{"x":5.900000095367432,"y":11.760000228881836,"z":-1.0099965333938599},"rotation":{"x":0.10286957770586014,"y":0.8248677849769592,"z":-0.1593310683965683,"w":0.5325642228126526},"size":2.4000563621520998,"orthographic":false}