{"cameraMode":{"drawMode":0,"name":"Shaded","section":"Shading Mode"},"sceneLighting":true,"audioPlay":false,"sceneViewState":{"showFog":false,"showMaterialUpdate":false,"showSkybox":false,"showFlares":false,"showImageEffects":false,"showParticleSystems":false},"in2DMode":false,"pivot":{"x":0.3792254328727722,"y":2.521958351135254,"z":23.55917739868164},"rotation":{"x":0.13704070448875428,"y":0.8173190951347351,"z":-0.2172967493534088,"w":0.515743613243103},"size":16.993200302124025,"orthographic":false}