{"cameraMode":{"drawMode":0,"name":"Shaded","section":"Shading Mode"},"sceneLighting":true,"audioPlay":false,"sceneViewState":{"showFog":false,"showMaterialUpdate":false,"showSkybox":false,"showFlares":false,"showImageEffects":false,"showParticleSystems":false},"in2DMode":false,"pivot":{"x":-37.1121940612793,"y":0.2190670669078827,"z":20.941295623779298},"rotation":{"x":0.010049620643258095,"y":-0.988778829574585,"z":0.07758627086877823,"w":0.12726329267024995},"size":12.926774024963379,"orthographic":false}