{"cameraMode":{"drawMode":0,"name":"Shaded","section":"Shading Mode"},"sceneLighting":true,"audioPlay":false,"sceneViewState":{"showFog":false,"showMaterialUpdate":false,"showSkybox":false,"showFlares":false,"showImageEffects":false,"showParticleSystems":false},"in2DMode":false,"pivot":{"x":-36.887813568115237,"y":0.25,"z":-13.618099212646485},"rotation":{"x":0.031725380569696429,"y":0.9679574966430664,"z":-0.16448910534381867,"w":0.18707004189491273},"size":5.616153717041016,"orthographic":false}