{"cameraMode":{"drawMode":0,"name":"Shaded","section":"Shading Mode"},"sceneLighting":false,"audioPlay":false,"sceneViewState":{"showFog":false,"showMaterialUpdate":false,"showSkybox":false,"showFlares":false,"showImageEffects":false,"showParticleSystems":false},"in2DMode":false,"pivot":{"x":-0.0004999935626983643,"y":0.5359150171279907,"z":0.0},"rotation":{"x":-0.03662533313035965,"y":-0.9608660340309143,"z":0.15587712824344636,"w":-0.2260475903749466},"size":3.1198723316192629,"orthographic":false}