{"cameraMode":{"drawMode":0,"name":"Shaded","section":"Shading Mode"},"sceneLighting":true,"audioPlay":false,"sceneViewState":{"showFog":false,"showMaterialUpdate":false,"showSkybox":false,"showFlares":false,"showImageEffects":false,"showParticleSystems":false},"in2DMode":false,"pivot":{"x":-37.46858596801758,"y":-3.9193787574768068,"z":23.96678924560547},"rotation":{"x":0.003626661142334342,"y":0.9707897901535034,"z":-0.23943720757961274,"w":0.014964508824050427},"size":24.02326011657715,"orthographic":false}