{"cameraMode":{"drawMode":0,"name":"Shaded","section":"Shading Mode"},"sceneLighting":false,"audioPlay":false,"sceneViewState":{"showFog":false,"showMaterialUpdate":false,"showSkybox":false,"showFlares":false,"showImageEffects":false,"showParticleSystems":false},"in2DMode":false,"pivot":{"x":-1.2952094078063965,"y":0.6268137693405151,"z":1.1485480070114136},"rotation":{"x":-0.06096478924155235,"y":0.4345831871032715,"z":-0.029578927904367448,"w":-0.898078978061676},"size":6.80408239364624,"orthographic":false}