{"cameraMode":{"drawMode":0,"name":"Shaded","section":"Shading Mode"},"sceneLighting":true,"audioPlay":false,"sceneViewState":{"showFog":false,"showMaterialUpdate":false,"showSkybox":false,"showFlares":false,"showImageEffects":false,"showParticleSystems":false},"in2DMode":false,"pivot":{"x":54.306243896484378,"y":-17.347976684570314,"z":-28.468082427978517},"rotation":{"x":0.22782990336418153,"y":0.44645801186561587,"z":-0.11870647221803665,"w":0.8571333289146423},"size":77.50524139404297,"orthographic":false}