{"cameraMode":{"drawMode":0,"name":"Shaded","section":"Shading Mode"},"sceneLighting":false,"audioPlay":false,"sceneViewState":{"showFog":false,"showMaterialUpdate":false,"showSkybox":false,"showFlares":false,"showImageEffects":false,"showParticleSystems":false},"in2DMode":false,"pivot":{"x":371.4971008300781,"y":207.50048828125,"z":0.0},"rotation":{"x":0.07075155526399613,"y":-0.0012710922164842487,"z":0.00015965609054546803,"w":0.9974932074546814},"size":268.6005554199219,"orthographic":false}