{"cameraMode":{"drawMode":0,"name":"Shaded","section":"Shading Mode"},"sceneLighting":false,"audioPlay":false,"sceneViewState":{"showFog":false,"showMaterialUpdate":false,"showSkybox":false,"showFlares":false,"showImageEffects":false,"showParticleSystems":false},"in2DMode":false,"pivot":{"x":102.22232055664063,"y":49.614444732666019,"z":29.358169555664064},"rotation":{"x":0.15646623075008393,"y":-0.09298235923051834,"z":0.014756365679204464,"w":0.9831860661506653},"size":276.2886962890625,"orthographic":false}