{"cameraMode":{"drawMode":0,"name":"Shaded","section":"Shading Mode"},"sceneLighting":true,"audioPlay":false,"sceneViewState":{"showFog":false,"showMaterialUpdate":false,"showSkybox":false,"showFlares":false,"showImageEffects":false,"showParticleSystems":false},"in2DMode":false,"pivot":{"x":54.306243896484378,"y":-17.347976684570314,"z":-28.468082427978517},"rotation":{"x":0.3230117857456207,"y":0.31391316652297976,"z":-0.11455173045396805,"w":0.885437548160553},"size":44.50473403930664,"orthographic":false}