{"cameraMode":{"drawMode":0,"name":"Shaded","section":"Shading Mode"},"sceneLighting":true,"audioPlay":false,"sceneViewState":{"showFog":false,"showMaterialUpdate":false,"showSkybox":false,"showFlares":false,"showImageEffects":false,"showParticleSystems":false},"in2DMode":false,"pivot":{"x":-13.603813171386719,"y":-0.8109821081161499,"z":-22.07117462158203},"rotation":{"x":0.20758269727230073,"y":0.40124693512916567,"z":-0.09380466490983963,"w":0.8871927857398987},"size":25.01210594177246,"orthographic":false}