{"cameraMode":{"drawMode":0,"name":"Shaded","section":"Shading Mode"},"sceneLighting":true,"audioPlay":false,"sceneViewState":{"showFog":false,"showMaterialUpdate":false,"showSkybox":false,"showFlares":false,"showImageEffects":false,"showParticleSystems":false},"in2DMode":false,"pivot":{"x":-20.146221160888673,"y":0.25,"z":0.24238872528076173},"rotation":{"x":0.2746008038520813,"y":0.3332875967025757,"z":-0.10204765945672989,"w":0.8961584568023682},"size":9.470161437988282,"orthographic":false}