{"cameraMode":{"drawMode":0,"name":"Shaded","section":"Shading Mode"},"sceneLighting":true,"audioPlay":false,"sceneViewState":{"showFog":false,"showMaterialUpdate":false,"showSkybox":false,"showFlares":false,"showImageEffects":false,"showParticleSystems":false},"in2DMode":false,"pivot":{"x":392.7875061035156,"y":248.09109497070313,"z":129.66189575195313},"rotation":{"x":-0.15564830601215363,"y":0.019957752898335458,"z":-0.0030812472105026247,"w":-0.9876061081886292},"size":489.8580017089844,"orthographic":true}