{"cameraMode":{"drawMode":0,"name":"Shaded","section":"Shading Mode"},"sceneLighting":true,"audioPlay":false,"sceneViewState":{"showFog":false,"showMaterialUpdate":false,"showSkybox":false,"showFlares":false,"showImageEffects":false,"showParticleSystems":false},"in2DMode":false,"pivot":{"x":-9.890758514404297,"y":-3.275725841522217,"z":9.102190017700196},"rotation":{"x":-0.08612930029630661,"y":-0.9124726057052612,"z":0.2558141350746155,"w":-0.30746498703956606},"size":29.853919982910158,"orthographic":false}