{"cameraMode":{"drawMode":0,"name":"Shaded","section":"Shading Mode"},"sceneLighting":true,"audioPlay":false,"sceneViewState":{"showFog":false,"showMaterialUpdate":false,"showSkybox":false,"showFlares":false,"showImageEffects":false,"showParticleSystems":false},"in2DMode":false,"pivot":{"x":0.4721870422363281,"y":-0.6000003814697266,"z":-11.9281005859375},"rotation":{"x":-0.21871428191661836,"y":-0.7047321200370789,"z":0.24522985517978669,"w":-0.6287918090820313},"size":25.731212615966798,"orthographic":false}