{"cameraMode":{"drawMode":0,"name":"Shaded","section":"Shading Mode"},"sceneLighting":true,"audioPlay":false,"sceneViewState":{"showFog":false,"showMaterialUpdate":false,"showSkybox":false,"showFlares":false,"showImageEffects":false,"showParticleSystems":false},"in2DMode":false,"pivot":{"x":-6.906222820281982,"y":-7.610912799835205,"z":-9.175017356872559},"rotation":{"x":-0.132527694106102,"y":0.8652337193489075,"z":-0.3068552315235138,"w":-0.3736936151981354},"size":21.44513511657715,"orthographic":false}