{"cameraMode":{"drawMode":0,"name":"Shaded","section":"Shading Mode"},"sceneLighting":true,"audioPlay":false,"sceneViewState":{"showFog":false,"showMaterialUpdate":false,"showSkybox":false,"showFlares":false,"showImageEffects":false,"showParticleSystems":false},"in2DMode":false,"pivot":{"x":16.190149307250978,"y":2.6934585571289064,"z":-1.636727213859558},"rotation":{"x":0.006329697091132402,"y":-0.9749792814254761,"z":0.22039474546909333,"w":0.028310179710388185},"size":38.84659194946289,"orthographic":false}