{"cameraMode":{"drawMode":0,"name":"Shaded","section":"Shading Mode"},"sceneLighting":true,"audioPlay":false,"sceneViewState":{"showFog":false,"showMaterialUpdate":false,"showSkybox":false,"showFlares":false,"showImageEffects":false,"showParticleSystems":false},"in2DMode":false,"pivot":{"x":-2.991804361343384,"y":-0.4662230908870697,"z":6.803736686706543},"rotation":{"x":0.003626661142334342,"y":0.9707897901535034,"z":-0.23943720757961274,"w":0.014964508824050427},"size":65.30772399902344,"orthographic":false}