{"cameraMode":{"drawMode":0,"name":"Shaded","section":"Shading Mode"},"sceneLighting":false,"audioPlay":false,"sceneViewState":{"showFog":false,"showMaterialUpdate":false,"showSkybox":false,"showFlares":false,"showImageEffects":false,"showParticleSystems":false},"in2DMode":false,"pivot":{"x":5.960464477539063e-8,"y":-0.49000000953674319,"z":-1.1920928955078126e-7},"rotation":{"x":0.06378432363271713,"y":0.9362794160842896,"z":-0.2458590418100357,"w":0.24262291193008424},"size":2.877063035964966,"orthographic":false}