{"cameraMode":{"drawMode":0,"name":"Shaded","section":"Shading Mode"},"sceneLighting":true,"audioPlay":false,"sceneViewState":{"showFog":false,"showMaterialUpdate":false,"showSkybox":false,"showFlares":false,"showImageEffects":false,"showParticleSystems":false},"in2DMode":false,"pivot":{"x":17.556011199951173,"y":-32.44306182861328,"z":24.241302490234376},"rotation":{"x":0.003626661142334342,"y":0.9707897901535034,"z":-0.23943720757961274,"w":0.014964508824050427},"size":30.26447296142578,"orthographic":false}