{"cameraMode":{"drawMode":0,"name":"Shaded","section":"Shading Mode"},"sceneLighting":true,"audioPlay":false,"sceneViewState":{"showFog":false,"showMaterialUpdate":false,"showSkybox":false,"showFlares":false,"showImageEffects":false,"showParticleSystems":false},"in2DMode":false,"pivot":{"x":-1.2237474918365479,"y":-1.116638422012329,"z":-8.085026741027832},"rotation":{"x":0.11831872165203095,"y":0.05943278595805168,"z":-0.007157502695918083,"w":0.9911696314811707},"size":15.173531532287598,"orthographic":false}