{"cameraMode":{"drawMode":0,"name":"Shaded","section":"Shading Mode"},"sceneLighting":true,"audioPlay":false,"sceneViewState":{"showFog":false,"showMaterialUpdate":false,"showSkybox":false,"showFlares":false,"showImageEffects":false,"showParticleSystems":false},"in2DMode":false,"pivot":{"x":1.8085079193115235,"y":2.260000228881836,"z":-18.63433837890625},"rotation":{"x":-0.37772247195243838,"y":-0.07847215980291367,"z":0.032144561409950259,"w":-0.9220274686813355},"size":8.352324485778809,"orthographic":false}