{"cameraMode":{"drawMode":0,"name":"Shaded","section":"Shading Mode"},"sceneLighting":true,"audioPlay":false,"sceneViewState":{"showFog":false,"showMaterialUpdate":false,"showSkybox":false,"showFlares":false,"showImageEffects":false,"showParticleSystems":false},"in2DMode":false,"pivot":{"x":-2.3499999046325685,"y":0.5,"z":0.050000011920928958},"rotation":{"x":-0.10413713753223419,"y":0.666540801525116,"z":-0.09482265263795853,"w":-0.732043445110321},"size":13.130546569824219,"orthographic":false}