{"cameraMode":{"drawMode":0,"name":"Shaded","section":"Shading Mode"},"sceneLighting":false,"audioPlay":false,"sceneViewState":{"showFog":false,"showMaterialUpdate":false,"showSkybox":false,"showFlares":false,"showImageEffects":false,"showParticleSystems":false},"in2DMode":false,"pivot":{"x":1.5449999570846558,"y":1.4899983406066895,"z":0.6200003623962402},"rotation":{"x":0.10286957770586014,"y":0.8248677849769592,"z":-0.1593310683965683,"w":0.5325642228126526},"size":7.372818946838379,"orthographic":false}