{"cameraMode":{"drawMode":0,"name":"Shaded","section":"Shading Mode"},"sceneLighting":true,"audioPlay":false,"sceneViewState":{"showFog":false,"showMaterialUpdate":false,"showSkybox":false,"showFlares":false,"showImageEffects":false,"showParticleSystems":false},"in2DMode":false,"pivot":{"x":-31.637351989746095,"y":0.8067221641540527,"z":19.87120819091797},"rotation":{"x":0.017771193757653238,"y":0.9576444029808044,"z":-0.2808971405029297,"w":0.06081303581595421},"size":32.53902816772461,"orthographic":false}