{"cameraMode":{"drawMode":0,"name":"Shaded","section":"Shading Mode"},"sceneLighting":false,"audioPlay":false,"sceneViewState":{"showFog":false,"showMaterialUpdate":false,"showSkybox":false,"showFlares":false,"showImageEffects":false,"showParticleSystems":false},"in2DMode":false,"pivot":{"x":-0.4500131607055664,"y":1.0499998331069947,"z":0.0000019073486328125},"rotation":{"x":-0.17721593379974366,"y":0.6573236584663391,"z":-0.1632019728422165,"w":-0.714062511920929},"size":45.545467376708987,"orthographic":false}